{"moderate_minutes_1hr":{"0":0.1210641444,"1":0.050096942,"2":0.0100914587,"3":0.0058823529,"4":0.0107843137,"5":0.0147058824,"6":0.0215686275,"7":0.0754901961,"8":0.1544117647,"9":0.2668946273,"10":0.4187565552,"11":0.2009803922,"12":0.2607843137,"13":0.8808823529,"14":1.1567885769,"15":0.4333333333,"16":0.3388888889,"17":0.65,"18":0.6141414141,"19":0.3151515152,"20":0.9060606061,"21":1.2943152513,"22":0.8436526261,"23":0.3346946235}}
