{"moderate_minutes_1hr":{"0":0.0404603244,"1":0.0078703704,"2":0.0111111111,"3":0.006956827,"4":0.0049019608,"5":0.0093137255,"6":0.0586844894,"7":0.2523809524,"8":0.87999111,"9":1.3568936356,"10":0.9666666667,"11":0.880952381,"12":0.6814285714,"13":0.7039687166,"14":0.4995098039,"15":0.8387254902,"16":0.8029411765,"17":1.1274195563,"18":0.6503024223,"19":0.3320015076,"20":0.4419816694,"21":0.3960363711,"22":0.2269278715,"23":0.0451597245}}