{"0":0.6582769989,"1":0.2358502402,"2":0.0221014493,"3":0.0195035461,"4":0.0269503546,"5":0.0329787234,"6":0.020212766,"7":0.0571064406,"8":0.1034636771,"9":0.2812125843,"10":0.4247982657,"11":2.2120053671,"12":2.6960686032,"13":1.5696244958,"14":1.4360790587,"15":0.9838242823,"16":0.7046389803,"17":0.5799727165,"18":0.7094871482,"19":0.4906761494,"20":0.8662990212,"21":0.8406693589,"22":0.9272188476,"23":0.5231645693}