{"moderate_minutes_1hr":{"0":0.6232001452,"1":0.2274207116,"2":0.0201257862,"3":0.0172839506,"4":0.024691358,"5":0.0293209877,"6":0.0175925926,"7":0.0522445915,"8":0.093540129,"9":0.2544368347,"10":0.3708399216,"11":2.0387024655,"12":2.4534515273,"13":1.5260610647,"14":1.4145467143,"15":0.9358930124,"16":0.88092341,"17":0.7380620461,"18":0.8657341246,"19":0.5365825578,"20":0.8431824904,"21":0.8247648578,"22":1.0506663656,"23":0.532621822}}