{"0":0.3215136333,"1":0.1862043712,"2":0.0351061621,"3":0.0175959136,"4":0.0449685535,"5":0.0550309881,"6":0.2300695002,"7":0.2182098765,"8":0.1787037037,"9":0.3439545301,"10":0.4358873699,"11":0.1780864198,"12":0.2447530864,"13":0.7230908414,"14":0.9216675499,"15":0.5864779874,"16":0.3377358491,"17":0.6553459119,"18":1.0254716981,"19":0.660446374,"20":0.9741998986,"21":1.2563929056,"22":0.8201542267,"23":0.5030895333}