{"moderate_minutes_1hr":{"0":0.2989023428,"1":0.174438644,"2":0.0328920396,"3":0.0169921447,"4":0.0405555556,"5":0.0496677127,"6":0.2041981745,"7":0.2229807317,"8":0.1782258065,"9":0.3108319469,"10":0.4054446979,"11":0.2352150538,"12":0.2701523671,"13":0.729547868,"14":0.8669824214,"15":0.5770491803,"16":0.3240437158,"17":0.5857923497,"18":0.9316939891,"19":0.6338342019,"20":0.8908570805,"21":1.1769457608,"22":0.78574737,"23":0.5884557027}}