{"moderate_minutes_1hr":{"0":0.3327777521,"1":0.1908050742,"2":0.0855246274,"3":0.258591452,"4":0.0138888889,"5":0.05,"6":0.0125,"7":0.0305555556,"8":0.0861111111,"9":0.2423552627,"10":0.274892113,"11":0.1292079208,"12":0.1526892564,"13":0.172785652,"14":0.2572649573,"15":0.4170949,"16":0.307299636,"17":0.2992270342,"18":1.158383597,"19":0.6737233171,"20":0.608140187,"21":0.8099610542,"22":0.6833333333,"23":0.3120699348}}
