{"moderate_minutes_1hr":{"0":0.2762795427,"1":0.212547964,"2":0.0769656583,"3":0.2241287254,"4":0.0152445877,"5":0.0364836985,"6":0.0108333333,"7":0.0216666667,"8":0.0525,"9":0.1839525627,"10":0.25420904,"11":0.2805323361,"12":0.2002115602,"13":0.1518203633,"14":0.2528623581,"15":0.3276424288,"16":0.3131529706,"17":0.4687978427,"18":1.0794171445,"19":0.599982754,"20":0.7036013128,"21":0.8055342211,"22":0.6833333333,"23":0.3113023812}}