{"moderate_minutes_1hr":{"0":0.0,"1":0.0,"2":0.0,"3":0.0066666667,"4":0.0,"5":0.0033333333,"6":0.0133333333,"7":0.0166666667,"8":0.0566666667,"9":0.07,"10":0.09,"11":0.0754570874,"12":0.6227328044,"13":0.2817164404,"14":0.1672885572,"15":0.25,"16":null,"17":0.0,"18":0.1666666667,"19":1.866767852,"20":1.1570709909,"21":0.2666666667,"22":0.0866666667,"23":0.0133333333}}