{"moderate_minutes_1hr":{"0":0.4055555556,"1":0.0554677237,"2":0.0388963578,"3":0.0138888889,"4":0.0027777778,"5":0.0277777778,"6":0.0611111111,"7":0.0305555556,"8":0.2416666667,"9":0.7249980671,"10":1.5383605642,"11":0.9658683195,"12":1.0805470536,"13":1.778198454,"14":1.3555134208,"15":0.9095247897,"16":0.2923381337,"17":0.7076342849,"18":0.4861573374,"19":0.5130284885,"20":1.7597305554,"21":4.3022714612,"22":1.0284485053,"23":0.560111791}}