{"light_minutes_1hr":{"0":0.5171648968,"1":0.1565041794,"2":0.0729680153,"3":0.0299019608,"4":0.0789215686,"5":0.1607843137,"6":0.1269607843,"7":0.256372549,"8":0.8215686275,"9":1.0853653554,"10":2.2207302555,"11":0.8808823529,"12":1.4093137255,"13":1.3799019608,"14":2.0488299765,"15":1.5575757576,"16":1.3691919192,"17":2.2833333333,"18":2.3929292929,"19":1.1191919192,"20":1.296969697,"21":1.2825984228,"22":1.6731025138,"23":1.3151477175}}
