{"0":0.1101483998,"1":0.05,"2":0.0300925926,"3":0.0227424827,"4":0.0220588235,"5":0.0166666667,"6":0.1310620262,"7":1.0819047619,"8":2.5000656168,"9":3.5299969534,"10":3.2014285714,"11":2.8133333333,"12":2.8704761905,"13":3.0425046148,"14":2.6259803922,"15":2.9460784314,"16":2.9161764706,"17":3.9074560491,"18":2.7971904696,"19":1.7995352171,"20":1.4045366756,"21":1.0359191162,"22":0.6355611632,"23":0.1550498513}