{"light_minutes_1hr":{"0":1.5745146913,"1":0.697653021,"2":0.0830188679,"3":0.0688271605,"4":0.074382716,"5":0.0787037037,"6":0.0793209877,"7":0.1435297542,"8":0.2588402914,"9":0.8510537157,"10":1.2591943376,"11":2.5170918997,"12":4.1670473232,"13":3.9129859975,"14":3.2130670753,"15":2.4667294653,"16":2.5451514207,"17":2.3633270574,"18":2.4859968317,"19":2.2546982754,"20":2.3398625628,"21":2.1362278585,"22":2.4989292234,"23":1.7752113998}}