{"light_minutes_1hr":{"0":1.55367161,"1":0.6829617416,"2":0.0934782609,"3":0.074822695,"4":0.0790780142,"5":0.0833333333,"6":0.0858156028,"7":0.1549051709,"8":0.2751949293,"9":0.9481739033,"10":1.4119200847,"11":2.5906132041,"12":4.4424896468,"13":4.0571090749,"14":3.3312744297,"15":2.5814371415,"16":2.2589486112,"17":1.991227378,"18":2.2881789284,"19":2.0785432684,"20":2.312756595,"21":2.1737984183,"22":2.5257919534,"23":1.7769973837}}
