  {"light_minutes_1hr":{"0":0.9792733759,"1":0.4088993733,"2":0.2043609512,"3":0.1075418227,"4":0.2289308176,"5":0.3271305069,"6":1.1610748733,"7":0.8385802469,"8":0.749382716,"9":0.9924750933,"10":1.892612811,"11":0.8697530864,"12":1.3462962963,"13":1.6720875811,"14":2.0833506543,"15":1.8716981132,"16":1.2421383648,"17":2.0748427673,"18":2.5955974843,"19":1.6834621206,"20":1.6405901018,"21":1.9616980232,"22":2.1887535378,"23":1.7783641655}}
