{"light_minutes_1hr":{"0":0.947137179,"1":0.3926632368,"2":0.1970142146,"3":0.108185987,"4":0.2080555556,"5":0.2922242592,"6":1.032960152,"7":0.813295458,"8":0.8120967742,"9":0.9203068236,"10":1.8172080594,"11":1.0938172043,"12":1.4432341738,"13":1.6762447728,"14":2.1123847099,"15":1.8702185792,"16":1.2866120219,"17":1.912295082,"18":2.4912568306,"19":1.6880126909,"20":1.7887485057,"21":2.1421948537,"22":2.2587760671,"23":2.1013964426}}