{"light_minutes_1hr":{"0":0.8427275169,"1":1.0614770059,"2":0.2698117199,"3":0.3326418147,"4":0.0687638768,"5":0.1156544437,"6":0.0466666667,"7":0.1091666667,"8":0.1375,"9":0.6403342393,"10":0.901589531,"11":0.9815984748,"12":0.959985167,"13":0.7658671082,"14":1.0420207004,"15":1.1693363966,"16":1.4369659112,"17":1.8397692676,"18":2.2282126989,"19":2.4896257624,"20":2.3842558371,"21":3.1287533456,"22":2.6166666667,"23":1.0875537363}}