{"0":0.9810840384,"1":1.0715902496,"2":0.3110453065,"3":0.3164211235,"4":0.0472222222,"5":0.1416666667,"6":0.0430555556,"7":0.1486111111,"8":0.1944444444,"9":0.8846031903,"10":1.0425913179,"11":0.6802538715,"12":0.7793330644,"13":0.8331727902,"14":0.845204541,"15":1.3088331831,"16":1.433730029,"17":1.2864968434,"18":2.2449632032,"19":2.8160976682,"20":2.2069119029,"21":3.2960755394,"22":2.6166666667,"23":1.0901675287}