{"light_minutes_1hr":{"0":0.0,"1":0.0066666667,"2":0.0266666667,"3":0.0166666667,"4":0.0133333333,"5":0.03,"6":0.0366666667,"7":0.1033333333,"8":0.2866666667,"9":0.2733333333,"10":0.2466666667,"11":0.2453919059,"12":0.7643626109,"13":1.1806455505,"14":1.9519278607,"15":1.3666666667,"16":null,"17":0.0,"18":0.2166666667,"19":0.9526115448,"20":1.1391520163,"21":0.57,"22":0.2,"23":0.0533333333}}