{"light_minutes_1hr":{"0":0.5416666667,"1":0.1305276091,"2":0.0472408944,"3":0.0722222222,"4":0.1055555556,"5":0.0416666667,"6":0.15,"7":0.1944444444,"8":0.6583333333,"9":0.9862643225,"10":2.0282781734,"11":1.643947355,"12":1.7441530343,"13":2.5058605458,"14":2.0493767724,"15":1.813577996,"16":1.1673492565,"17":2.3624904163,"18":1.4897469399,"19":1.0243785157,"20":2.651714248,"21":4.3711154651,"22":2.1278793004,"23":1.072622106}}