{"vigorous_minutes_1hr":{"0":0.0009989912,"1":0.0014485004,"2":0.0,"3":0.0,"4":0.0,"5":0.0,"6":0.0,"7":0.0019607843,"8":0.0039215686,"9":0.0019330957,"10":0.0,"11":0.0,"12":0.0009803922,"13":0.0058823529,"14":0.0092734195,"15":0.0136363636,"16":0.0025252525,"17":0.0055555556,"18":0.0141414141,"19":0.001010101,"20":0.0055555556,"21":0.0225392424,"22":0.0093617105,"23":0.0026804041}}
