{"0":0.0,"1":0.0,"2":0.0,"3":0.0,"4":0.0,"5":0.0,"6":0.0004890374,"7":0.0,"8":0.0090466514,"9":0.0141822737,"10":0.0095238095,"11":0.0080952381,"12":0.0023809524,"13":0.0064655591,"14":0.0044117647,"15":0.0156862745,"16":0.0014705882,"17":0.0074928194,"18":0.0014853291,"19":0.0075552315,"20":0.0017761008,"21":0.0014784865,"22":0.000586066,"23":0.0}