{"vigorous_minutes_1hr":{"0":0.0042036734,"1":0.0012461836,"2":0.0,"3":0.0,"4":0.000617284,"5":0.000308642,"6":0.0,"7":0.0001634888,"8":0.0021623803,"9":0.0030122363,"10":0.0091679843,"11":0.0399545213,"12":0.3446828801,"13":0.0908795061,"14":0.0415907237,"15":0.0408870786,"16":0.0061280206,"17":0.0063455819,"18":0.0423258629,"19":0.0041308563,"20":0.0209770413,"21":0.0191666618,"22":0.0525399424,"23":0.0063559322}}