  {"vigorous_minutes_1hr":{"0":0.0048642985,"1":0.0014337945,"2":0.0,"3":0.0,"4":0.0007092199,"5":0.0003546099,"6":0.0,"7":0.0001892825,"8":0.0025742676,"9":0.0037860838,"10":0.0105487896,"11":0.0443061548,"12":0.3819907601,"13":0.0959068018,"14":0.0433923663,"15":0.0434534671,"16":0.0065903445,"17":0.0062112286,"18":0.0299649847,"19":0.0019646623,"20":0.0239588132,"21":0.0215739525,"22":0.0309016452,"23":0.0054488843}}
