{"vigorous_minutes_1hr":{"0":0.0020272484,"1":0.0016162473,"2":0.0,"3":0.0,"4":0.0,"5":0.0003180982,"6":0.0,"7":0.0024691358,"8":0.0024691358,"9":0.002447474,"10":0.0009261212,"11":0.000308642,"12":0.0009259259,"13":0.0037221613,"14":0.0058651328,"15":0.0122641509,"16":0.0022012579,"17":0.006918239,"18":0.0166666667,"19":0.0090190924,"20":0.0109430739,"21":0.0179017529,"22":0.0077018212,"23":0.0032617077}}
