{"vigorous_minutes_1hr":{"0":0.0019523239,"1":0.0014828986,"2":0.0,"3":0.0,"4":0.0,"5":0.0002806085,"6":0.0,"7":0.0027053837,"8":0.0021505376,"9":0.0021339158,"10":0.0043018655,"11":0.0005376344,"12":0.0008162525,"13":0.0032397991,"14":0.0051082364,"15":0.0112021858,"16":0.0027322404,"17":0.006010929,"18":0.0144808743,"19":0.0082130229,"20":0.0094156893,"21":0.0164875943,"22":0.0089328015,"23":0.0083420912}}