{"0":0.0,"1":0.0,"2":0.0,"3":0.0092078676,"4":0.0,"5":0.0,"6":0.0,"7":0.0,"8":0.0027777778,"9":0.0110402424,"10":0.0079426015,"11":0.0030464585,"12":0.0,"13":0.004128251,"14":0.0,"15":0.0013187683,"16":0.0,"17":0.0014738756,"18":0.0015297219,"19":0.000967535,"20":0.0075716149,"21":0.0,"22":0.0,"23":0.0}