{"vigorous_minutes_1hr":{"0":0.0,"1":0.0,"2":0.0,"3":0.0069896127,"4":0.0,"5":0.0,"6":0.0,"7":0.0,"8":0.0016666667,"9":0.0064435995,"10":0.0045064668,"11":0.0035195777,"12":0.0,"13":0.0025916061,"14":0.0,"15":0.0008329169,"16":0.0016882624,"17":0.0159378806,"18":0.0042019519,"19":0.0006624022,"20":0.0083335797,"21":0.007863282,"22":0.0,"23":0.0}}