{"vigorous_minutes_1hr":{"0":0.0,"1":0.0,"2":0.0,"3":0.0,"4":0.0,"5":0.0,"6":0.0,"7":0.0,"8":0.0,"9":0.0,"10":0.0,"11":0.0016295368,"12":0.0118420745,"13":0.0113710407,"14":0.0026741294,"15":0.0,"16":null,"17":0.0,"18":0.0,"19":0.1273971283,"20":0.0228867304,"21":0.0133333333,"22":0.0,"23":0.0}}