{"vigorous_minutes_1hr":{"0":0.0111111111,"1":0.0,"2":0.0027815122,"3":0.0,"4":0.0,"5":0.0,"6":0.0,"7":0.0,"8":0.0,"9":0.0027500734,"10":0.0219801704,"11":0.0071494159,"12":0.1008663149,"13":0.0331420571,"14":0.0158181099,"15":0.0331147445,"16":0.0036272099,"17":0.0116526857,"18":0.0,"19":0.0003356923,"20":0.007911914,"21":0.0201953553,"22":0.0054485523,"23":0.0028025597}}