{"average_enmo_1hr": {"0":3.5338622974,"1":1.0962947641,"2":0.3651014092,"3":0.2273460666,"4":0.4451098917,"5":0.6248880271,"6":0.5617514603,"7":1.1348588048,"8":2.7111481435,"9":4.1506158436,"10":6.4758179434,"11":3.7667278005,"12":5.6129105318,"13":7.2597523055,"14":9.1397046025,"15":6.3356665476,"16":5.8349456645,"17":8.4086116906,"18":8.0325359718,"19":5.0779850434,"20":7.3966802871,"21":7.9870152552,"22":8.1487079353,"23":8.009452394}}
