{"sedentary_minutes_1hr":{"0":51.5643027851,"1":57.671299241,"2":59.1130186534,"3":59.9617647059,"4":59.9068627451,"5":59.8171568627,"6":59.8441176471,"7":59.6514705882,"8":58.9828431373,"9":58.1731130072,"10":57.2602182921,"11":58.8705882353,"12":58.2568627451,"13":57.6745098039,"14":56.0737808978,"15":57.9131313131,"16":58.2232323232,"17":56.9651515152,"18":56.8868686869,"19":58.5015151515,"20":57.7303030303,"21":56.0056430094,"22":54.1513690318,"23":48.3409150248}}
