{"sedentary_minutes_1hr":{"0":59.0162410348,"1":59.9402777778,"2":59.9578703704,"3":59.4550941851,"4":59.9715686275,"5":59.9735294118,"6":59.6720324938,"7":58.619047619,"8":56.4828295657,"9":54.304233934,"10":55.6733333333,"11":56.1557142857,"12":56.3076190476,"13":55.7253959001,"14":56.7485294118,"15":56.0480392157,"16":56.1323529412,"17":54.3606911432,"18":55.2104130836,"19":54.8295270099,"20":48.4219226877,"21":44.4595101494,"22":54.1560727518,"23":59.0663530735}}
