{"sedentary_minutes_1hr":{"0":57.2483330818,"1":58.7329366316,"2":59.8927672956,"3":59.9095679012,"4":59.8972222222,"5":59.8864197531,"6":59.8990740741,"7":58.2805065269,"8":54.5813397388,"9":51.6871696914,"10":54.1931892557,"11":52.7794876342,"12":48.2500155589,"13":51.8128632129,"14":53.2041654183,"15":55.1761635043,"16":54.730302959,"17":56.4152106069,"18":55.0618384453,"19":56.6685340624,"20":55.2325303357,"21":55.4317203701,"22":54.1701300363,"23":56.2431017693}}