{"sedentary_minutes_1hr":{"0":57.1627588056,"1":58.6920137644,"2":59.8797101449,"3":59.9017730496,"4":59.8904255319,"5":59.8773049645,"6":59.8893617021,"7":58.0242474613,"8":53.84841325,"9":50.3495354728,"10":53.5775089496,"11":52.8414857398,"12":47.88603602,"13":51.5155332455,"14":52.9161285429,"15":55.2869837269,"16":55.8646332729,"17":56.8980434574,"18":55.4888969765,"19":56.8381521042,"20":55.0259117651,"21":55.491519659,"22":54.3161810886,"23":56.0294676527}}
