{"sedentary_minutes_1hr":{"0":49.9043162564,"1":56.9180347271,"2":58.8886254931,"3":59.2942200435,"4":59.7411111111,"5":59.4044099192,"6":58.5084278184,"7":58.6896985,"8":58.9731182796,"9":58.4934459678,"10":57.6876713464,"11":58.6182795699,"12":58.0303283149,"13":57.3308131896,"14":56.4521589767,"15":57.4510928962,"16":58.3210382514,"17":57.4109289617,"18":56.4606557377,"19":57.1410819595,"20":55.8702320604,"21":53.5409081924,"22":54.3980193161,"23":50.5550044665}}