{"0":50.0645052922,"1":57.3824280228,"2":58.9661944921,"3":59.5930615055,"4":59.7150943396,"5":59.33088221,"6":58.3216650516,"7":58.8990740741,"8":59.0364197531,"9":58.3501345252,"10":57.5827363281,"11":58.9061728395,"12":58.3410493827,"13":57.3130678881,"14":56.3601802071,"15":57.4402515723,"16":58.358490566,"17":57.1694968553,"18":56.2562893082,"19":57.3254786372,"20":55.7170422628,"21":53.7751209172,"22":54.4261904299,"23":50.3084443871}