{"0":52.6987724814,"1":54.6251879336,"2":56.6499210344,"3":58.2997199274,"4":59.9388888889,"5":59.8013888889,"6":59.9430555556,"7":59.8166666667,"8":59.7083333333,"9":56.6082718221,"10":55.6001791498,"11":58.8045417619,"12":57.8684348528,"13":58.4500298151,"14":57.4201996477,"15":57.1108860657,"16":57.2871248284,"17":55.4244098357,"18":55.2072123592,"19":51.22958317,"20":54.888765967,"21":47.6007307151,"22":56.5777777778,"23":49.3681077131}