{"sedentary_minutes_1hr":{"0":51.8991514477,"1":55.8681857664,"2":57.5432162753,"3":57.5473555965,"4":59.563489466,"5":57.6968609291,"6":59.9416666667,"7":59.865,"8":59.8033333333,"9":57.84694891,"10":57.0854330965,"11":58.4814620912,"12":57.8228176018,"13":58.2643270223,"14":57.776683917,"15":57.056775316,"16":57.597265015,"17":54.0582917428,"18":54.1283699794,"19":53.3127761316,"20":52.4233907927,"21":45.4104516815,"22":56.5777777778,"23":49.2412993907}}