{"sedentary_minutes_1hr":{"0":60.0,"1":59.99,"2":59.9733333333,"3":59.9766666667,"4":59.9833333333,"5":59.9633333333,"6":59.9433333333,"7":59.87,"8":59.64,"9":59.64,"10":59.65,"11":58.6039372152,"12":53.2671312224,"13":47.6578642534,"14":49.9877487562,"15":43.45,"16":null,"17":2.1333333333,"18":59.5833333333,"19":46.1655584466,"20":48.1433946108,"21":59.1166666667,"22":59.6966666667,"23":59.9333333333}}