{"sedentary_minutes_1hr":{"0":59.0305555556,"1":59.725730601,"2":59.8227450435,"3":59.9111111111,"4":59.8861111111,"5":59.9305555556,"6":59.7805555556,"7":59.7611111111,"8":59.0805555556,"9":58.1180003402,"10":56.0150537634,"11":54.5824406128,"12":51.9115690413,"13":46.9729137088,"14":49.92193937,"15":46.4573957537,"16":50.9471841705,"17":49.1383901592,"18":57.3456264613,"19":57.3323806932,"20":53.0589635393,"21":44.7188862637,"22":55.9194304818,"23":57.7879326451}}